date,sno,symbol,conf,open,high,low,close,ltp,close_ltp_diff,close_ltp_pct,vwap,volume,prev_close,turnover,transactions,Diff,Range,Diff %,Range %,VWAP %,120 Days,180 Days,52 Weeks High,52 Weeks Low
2026-07-29,1,ACLBSL,31.84,945.7,945.7,925.0,926.2,926.2,0.0,0.0,926.03,2437.0,945.7,2256744.7,27,-19.50,20.70,-2.06,2.24,0.02,965.44,968.33,"1,240.00",827.90
2026-07-29,2,ADBL,38.2,323.0,323.0,318.1,321.1,321.1,0.0,0.0,320.65,114885.0,320.5,36838064.4,179,0.60,4.90,0.19,1.54,0.14,310.20,308.24,344.90,285.20
2026-07-29,3,AHL,30.53,410.4,430.0,410.4,417.0,417.0,0.0,0.0,419.48,2839.0,420.0,1190906.0,44,-3.00,19.60,-0.71,4.78,-0.59,502.00,530.62,699.00,405.00
2026-07-29,4,AHPC,24.6,270.0,270.0,267.6,268.3,268.3,0.0,0.0,268.65,34746.0,270.0,9334426.1,145,-1.70,2.40,-0.63,0.90,-0.13,280.54,279.14,325.00,250.10
2026-07-29,5,AKJCL,24.98,355.0,372.0,355.0,365.0,365.0,0.0,0.0,366.2,235655.0,369.0,86297367.1,465,-4.00,17.00,-1.08,4.79,-0.33,375.88,315.61,461.40,172.90
2026-07-29,6,AKPL,25.4,257.0,261.9,256.6,258.9,258.9,0.0,0.0,258.07,34071.0,258.5,8792616.1,150,0.40,5.30,0.15,2.07,0.32,270.45,262.33,317.00,227.50
2026-07-29,7,ALBSL,20.63,1050.0,1130.0,1050.0,1084.9,1084.9,0.0,0.0,1079.45,601.0,1094.0,648750.6,39,-9.10,80.00,-0.83,7.62,0.50,"1,124.93","1,116.85","1,334.00",921.00
2026-07-29,8,ALICL,24.29,455.7,455.7,429.2,436.0,436.0,0.0,0.0,434.06,7937.0,434.0,3445162.6,61,2.00,26.50,0.46,6.17,0.44,454.95,459.99,540.00,413.40
2026-07-29,9,ANLB,29.07,5600.0,5658.0,5600.0,5658.0,5658.0,0.0,0.0,5609.72,2170.0,5735.0,12173097.0,67,-77.00,58.00,-1.34,1.04,0.85,"6,197.55","6,189.38","7,560.00","5,450.00"
2026-07-29,10,APHL,42.6,825.6,872.9,825.6,846.0,846.0,0.0,0.0,855.1,17484.0,869.0,14950505.7,301,-23.00,47.30,-2.65,5.73,-1.08,0.00,0.00,"1,053.40",299.70
2026-07-29,11,API,24.9,336.5,339.0,334.0,335.0,335.0,0.0,0.0,335.99,110350.0,336.5,37076200.3,369,-1.50,5.00,-0.45,1.50,-0.29,335.40,319.19,370.00,258.80
2026-07-29,12,AVYAN,28.57,1037.2,1040.1,1013.0,1013.0,1013.0,0.0,0.0,1027.24,3775.0,1042.0,3877819.5,64,-29.00,27.10,-2.78,2.68,-1.41,"1,080.00","1,043.88","1,366.00",906.00
2026-07-29,13,BANDIPUR,27.25,721.1,742.7,721.1,722.2,722.2,0.0,0.0,731.85,13667.0,730.0,10002163.2,249,-7.80,21.60,-1.07,3.00,-1.34,862.74,0.00,"1,233.00",285.00
2026-07-29,14,BARUN,24.76,325.0,333.0,323.0,325.9,325.9,0.0,0.0,326.17,14537.0,324.2,4741486.7,84,1.70,10.00,0.52,3.10,-0.08,348.09,341.93,409.90,292.10
2026-07-29,15,BBC,38.06,4210.0,4328.0,4210.0,4300.0,4300.0,0.0,0.0,4287.25,150.0,4300.0,643088.0,15,0.00,118.00,0.00,2.80,0.30,"4,650.11","4,729.60","6,120.00","4,021.10"
2026-07-29,16,BEDC,24.7,322.0,328.9,321.5,322.1,322.1,0.0,0.0,322.95,11327.0,325.0,3658059.3,87,-2.90,7.40,-0.89,2.30,-0.26,419.76,466.39,872.00,303.10
2026-07-29,17,BFC,23.29,489.0,525.0,489.0,509.0,509.0,0.0,0.0,514.7,29657.0,514.0,15264564.5,184,-5.00,36.00,-0.97,7.36,-1.12,485.81,480.83,579.90,411.50
2026-07-29,18,BGWT,24.89,573.0,597.0,573.0,597.0,597.0,0.0,0.0,586.35,1589.0,590.0,931710.5,33,7.00,24.00,1.19,4.19,1.78,690.82,718.19,977.90,516.10
2026-07-29,19,BHCL,35.79,496.0,505.0,495.0,495.1,495.1,0.0,0.0,498.06,15748.0,499.2,7843377.8,197,-4.10,10.00,-0.82,2.02,-0.60,556.57,535.13,699.00,292.10
2026-07-29,20,BHDC,24.93,426.1,436.0,426.1,433.9,433.9,0.0,0.0,433.5,4335.0,435.0,1879206.5,57,-1.10,9.90,-0.25,2.32,0.09,466.17,474.63,620.00,412.00
2026-07-29,21,BHL,23.52,215.0,216.0,212.2,213.0,213.0,0.0,0.0,213.54,29236.0,214.8,6243198.5,181,-1.80,3.80,-0.84,1.79,-0.26,217.88,205.43,264.40,164.00
2026-07-29,22,BHPL,26.87,489.0,489.0,468.6,472.1,472.1,0.0,0.0,475.25,5072.0,483.0,2410468.6,48,-10.90,20.40,-2.26,4.35,-0.67,538.85,563.42,842.00,449.00
2026-07-29,23,BJHL,34.38,746.0,793.0,710.0,724.5,724.5,0.0,0.0,726.96,12310.0,745.0,8948865.1,179,-20.50,83.00,-2.75,11.69,-0.34,0.00,0.00,"1,305.00",270.10
2026-07-29,24,BNHC,30.18,278.4,289.9,278.4,285.8,285.8,0.0,0.0,285.04,15053.0,287.0,4290696.4,108,-1.20,11.50,-0.42,4.13,0.27,355.07,384.84,613.80,261.30
2026-07-29,25,BNT,41.49,11750.0,11750.0,11750.0,11750.0,11750.0,0.0,0.0,11750.0,20.0,11620.1,235000.0,2,129.90,0.00,1.12,0.00,0.00,"11,739.44","11,676.48","13,159.00","10,660.00"
2026-07-29,26,BOKD86KA,31.56,1145.4,1145.4,1145.4,1145.4,1145.4,0.0,0.0,1145.4,9.0,1145.4,10308.6,1,0.00,0.00,0.00,0.00,0.00,0.00,0.00,"1,247.00","1,100.00"
2026-07-29,27,BPCL,26.99,660.0,661.0,650.2,660.0,660.0,0.0,0.0,653.39,22240.0,660.0,14531282.4,97,0.00,10.80,0.00,1.66,1.00,695.51,709.72,"1,000.00",612.00
2026-07-29,28,BUNGAL,25.14,599.2,612.0,590.0,593.0,593.0,0.0,0.0,597.48,26816.0,599.5,16022127.3,267,-6.50,22.00,-1.08,3.73,-0.76,655.05,0.00,895.00,302.40
2026-07-29,29,CBBL,33.63,940.5,944.0,935.3,938.0,938.0,0.0,0.0,938.3,13735.0,940.0,12887500.9,119,-2.00,8.70,-0.21,0.93,-0.03,923.66,945.32,"1,132.00",882.00
2026-07-29,30,CBLD88,25.56,1274.6,1274.6,1235.0,1221.0,1221.0,0.0,0.0,1244.33,88.0,1314.0,109501.0,8,-93.00,39.60,-7.08,3.21,-1.91,"1,216.87","1,192.64","1,325.00","1,108.00"
2026-07-29,31,CFCL,38.4,686.0,686.0,641.0,642.5,642.5,0.0,0.0,648.41,258051.0,654.2,167322312.2,425,-11.70,45.00,-1.79,7.02,-0.92,563.68,539.48,699.00,445.10
2026-07-29,32,CGH,32.72,789.0,797.0,787.0,790.0,790.0,0.0,0.0,789.79,12085.0,788.6,9544648.7,128,1.40,10.00,0.18,1.27,0.03,815.01,835.19,"1,120.20",748.00
2026-07-29,33,CHCL,36.12,496.1,497.2,492.0,494.0,494.0,0.0,0.0,494.46,79038.0,497.0,39081501.2,134,-3.00,5.20,-0.60,1.06,-0.09,484.37,485.58,565.90,450.30
2026-07-29,34,CHDC,34.74,2282.0,2339.0,2235.1,2243.0,2243.0,0.0,0.0,2274.87,20446.0,2280.0,46511927.7,152,-37.00,103.90,-1.62,4.65,-1.42,"2,327.91","2,319.26","2,913.00","1,967.00"
2026-07-29,35,CHL,25.11,262.0,265.0,260.0,263.7,263.7,0.0,0.0,261.31,7782.0,262.0,2033491.0,45,1.70,5.00,0.65,1.92,0.91,286.68,277.65,335.30,223.40
2026-07-29,36,CIT,26.5,1717.0,1724.0,1710.0,1720.0,1720.0,0.0,0.0,1719.44,2184.0,1717.0,3755256.5,77,3.00,14.00,0.17,0.82,0.03,"1,762.30","1,784.77","2,168.00","1,630.30"
2026-07-29,37,CITY,26.8,357.4,378.0,357.4,370.0,370.0,0.0,0.0,369.98,69481.0,369.0,25706912.0,366,1.00,20.60,0.27,5.76,0.00,437.80,461.49,970.00,327.80
2026-07-29,38,CKHL,22.71,589.5,624.0,572.0,585.0,585.0,0.0,0.0,591.44,1497.0,607.7,885381.4,43,-22.70,52.00,-3.74,9.09,-1.10,671.49,659.84,804.00,525.00
2026-07-29,39,CLI,30.0,441.0,455.0,441.0,447.0,447.0,0.0,0.0,445.29,14371.0,450.0,6399271.9,164,-3.00,14.00,-0.67,3.17,0.38,461.39,467.05,531.40,411.00
2026-07-29,40,CORBL,37.95,1350.0,1350.0,1200.0,1317.0,1317.0,0.0,0.0,1292.11,137425.0,1377.9,177568441.3,1830,-60.90,150.00,-4.42,12.50,1.89,"1,847.57","1,788.12","3,183.00","1,200.00"
2026-07-29,41,CREST,26.6,1190.0,1256.0,1160.0,1199.7,1199.7,0.0,0.0,1188.99,9303.0,1197.9,11061192.0,133,1.80,96.00,0.15,8.28,0.89,"1,281.90","1,277.37","1,588.00",985.20
2026-07-29,42,CSY,26.91,9.01,9.3,9.01,9.01,9.01,0.0,0.0,9.17,5480.0,9.25,50254.0,20,-0.24,0.29,-2.59,3.22,-1.78,0.00,0.00,10.00,8.78
2026-07-29,43,CYCL,24.63,1360.0,1360.0,1327.0,1327.0,1327.0,0.0,0.0,1335.05,664.0,1360.0,886475.1,29,-33.00,33.00,-2.43,2.49,-0.61,"1,500.50","1,515.11","2,030.00","1,280.00"
2026-07-29,44,CZBIL,39.66,218.4,218.4,205.0,206.9,206.9,0.0,0.0,205.8,82254.0,208.0,16927958.2,166,-1.10,13.40,-0.53,6.54,0.53,203.83,201.09,240.10,183.00
2026-07-29,45,DDBL,26.68,842.0,847.0,836.7,836.7,836.7,0.0,0.0,839.41,4927.0,842.0,4135751.0,48,-5.30,10.30,-0.63,1.23,-0.32,844.90,846.51,"1,010.00",793.00
2026-07-29,46,DHEL,34.21,590.2,609.0,586.2,597.0,597.0,0.0,0.0,594.7,18392.0,597.1,10937761.2,232,-0.10,22.80,-0.02,3.89,0.38,652.32,0.00,918.90,402.20
2026-07-29,47,DHPL,25.15,295.0,297.0,287.5,292.0,292.0,0.0,0.0,290.18,3008.0,290.0,872865.6,31,2.00,9.50,0.69,3.30,0.62,302.52,300.16,350.00,254.00
2026-07-29,48,DLBS,30.68,1248.6,1248.6,1184.0,1201.0,1201.0,0.0,0.0,1204.94,241.0,1215.0,290391.0,14,-14.00,64.60,-1.15,5.46,-0.33,"1,303.56","1,317.92","1,670.00","1,083.80"
2026-07-29,49,DOLTI,23.73,320.0,326.0,320.0,323.6,323.6,0.0,0.0,323.1,11484.0,323.0,3710456.1,82,0.60,6.00,0.19,1.88,0.16,415.51,450.06,625.00,300.10
2026-07-29,50,DORDI,24.01,256.0,262.0,256.0,259.0,259.0,0.0,0.0,258.91,6738.0,259.0,1744553.4,55,0.00,6.00,0.00,2.34,0.03,276.47,271.53,327.40,213.10
2026-07-29,51,EBL,34.82,725.0,730.0,720.0,727.0,727.0,0.0,0.0,725.82,27058.0,725.0,19639347.6,137,2.00,10.00,0.28,1.39,0.16,697.29,680.66,780.60,619.00
2026-07-29,52,EBLD85,30.82,1123.7,1150.0,1102.1,1130.0,1130.0,0.0,0.0,1126.7,180.0,1123.7,202805.5,12,6.30,47.90,0.56,4.35,0.29,"1,165.92","1,156.92","1,250.00","1,097.00"
2026-07-29,53,EBLD86,49.68,1120.0,1130.0,1100.1,1100.1,1100.1,0.0,0.0,1129.81,5135.0,1100.0,5801577.5,7,0.10,29.90,0.01,2.72,-2.70,"1,090.82","1,077.77","1,150.00","1,022.00"
2026-07-29,54,EBLD91,16.85,1080.0,1080.0,1080.0,1080.0,1080.0,0.0,0.0,1080.0,25.0,1070.0,27000.0,1,10.00,0.00,0.93,0.00,0.00,"1,089.27","1,087.43","1,142.40",994.40
2026-07-29,55,ECL,33.01,886.8,990.1,886.8,990.1,990.1,0.0,0.0,986.81,760.0,861.0,749972.0,76,129.10,103.30,14.99,11.65,0.33,0.00,0.00,990.10,296.60
2026-07-29,56,EDBL,24.68,580.1,580.3,578.0,579.0,579.0,0.0,0.0,579.87,6434.0,580.0,3730859.5,12,-1.00,2.30,-0.17,0.40,-0.15,585.31,588.45,717.30,545.00
2026-07-29,57,EHPL,29.39,360.0,360.0,341.2,343.8,343.8,0.0,0.0,343.57,5950.0,351.0,2044215.5,74,-7.20,18.80,-2.05,5.51,0.07,398.52,406.66,681.80,318.30
2026-07-29,58,ENL,27.73,805.0,806.0,801.0,804.0,804.0,0.0,0.0,804.69,315.0,805.0,253478.0,14,-1.00,5.00,-0.12,0.62,-0.09,890.22,897.13,"1,207.60",762.00
2026-07-29,59,FMDBL,25.21,750.0,770.0,750.0,762.7,762.7,0.0,0.0,759.84,6080.0,765.2,4619823.8,57,-2.50,20.00,-0.33,2.67,0.38,800.52,806.84,"1,038.80",730.00
2026-07-29,60,FOWAD,32.57,951.1,960.0,949.0,950.0,950.0,0.0,0.0,952.76,6796.0,972.7,6474928.9,122,-22.70,11.00,-2.33,1.16,-0.29,"1,064.48","1,074.53","1,364.00",933.00
2026-07-29,61,GBBL,34.99,416.0,422.9,416.0,422.0,422.0,0.0,0.0,421.19,54582.0,418.0,22989617.0,123,4.00,6.90,0.96,1.66,0.19,410.87,402.87,498.00,367.40
2026-07-29,62,GBIME,42.08,253.5,261.0,253.5,256.9,256.9,0.0,0.0,257.64,375124.0,259.4,96646477.0,737,-2.50,7.50,-0.96,2.96,-0.29,237.78,234.73,276.00,218.90
2026-07-29,63,GBIMEP,22.12,120.8,120.8,120.8,120.8,120.8,0.0,0.0,120.8,16479.0,127.1,1990663.2,1,-6.30,0.00,-4.96,0.00,0.00,106.44,122.58,131.00,100.00
2026-07-29,64,GBIMESY2,22.08,9.11,9.4,9.1,9.39,9.39,0.0,0.0,9.25,2000.0,9.11,18509.0,13,0.28,0.30,3.07,3.30,1.44,9.40,9.27,10.78,8.50
2026-07-29,65,GBLBS,31.37,769.8,769.8,736.5,749.9,749.9,0.0,0.0,744.21,3675.0,752.0,2734963.5,43,-2.10,33.30,-0.28,4.52,0.76,769.87,775.38,950.00,698.00
2026-07-29,66,GCIL,25.96,354.4,365.0,354.4,358.0,358.0,0.0,0.0,358.76,15230.0,360.0,5463863.1,156,-2.00,10.60,-0.56,2.99,-0.21,408.93,416.26,571.00,315.50
2026-07-29,67,GFCL,24.41,626.8,626.8,611.0,613.0,613.0,0.0,0.0,615.37,5931.0,617.7,3649756.0,43,-4.70,15.80,-0.76,2.59,-0.39,640.71,628.09,748.60,528.30
2026-07-29,68,GHL,25.37,230.0,232.0,225.2,227.6,227.6,0.0,0.0,228.05,19151.0,227.3,4367401.8,92,0.30,6.80,0.13,3.02,-0.20,239.94,231.37,290.00,197.10
2026-07-29,69,GIBF1,39.58,10.53,10.65,10.53,10.65,10.65,0.0,0.0,10.62,4600.0,10.68,48836.0,9,-0.03,0.12,-0.28,1.14,0.31,10.82,10.61,11.68,9.30
2026-07-29,70,GILB,21.22,1118.0,1118.0,1086.1,1107.0,1107.0,0.0,0.0,1098.02,75.0,1109.0,82351.3,11,-2.00,31.90,-0.18,2.94,0.81,"1,133.14","1,160.83","1,441.60","1,020.10"
2026-07-29,71,GLBSL,27.99,1780.0,1810.0,1780.0,1810.0,1810.0,0.0,0.0,1801.35,479.0,1795.0,862847.0,14,15.00,30.00,0.84,1.69,0.48,"1,849.87","1,901.86","2,440.00","1,705.20"
2026-07-29,72,GLH,23.7,251.0,257.5,251.0,253.6,253.6,0.0,0.0,255.3,11310.0,253.0,2887493.7,75,0.60,6.50,0.24,2.59,-0.67,269.62,264.47,328.20,227.40
2026-07-29,73,GMFBS,27.43,1273.0,1273.0,1186.1,1243.1,1243.1,0.0,0.0,1228.38,404.0,1212.5,496263.7,17,30.60,86.90,2.52,7.33,1.18,"1,343.03","1,405.22","1,768.00","1,130.50"
2026-07-29,74,GMFIL,26.65,479.9,479.9,460.0,464.9,464.9,0.0,0.0,464.7,12422.0,471.0,5772465.6,55,-6.10,19.90,-1.30,4.33,0.04,474.48,470.77,557.00,393.10
2026-07-29,75,GMLI,25.59,1145.8,1172.0,1145.8,1155.0,1155.0,0.0,0.0,1161.13,1061.0,1164.0,1231961.5,40,-9.00,26.20,-0.77,2.29,-0.53,"1,451.51","1,570.18","2,200.00","1,114.00"
2026-07-29,76,GRDBL,26.45,1121.0,1121.0,1054.9,1071.9,1071.9,0.0,0.0,1063.4,4213.0,1068.0,4480100.2,49,3.90,66.10,0.37,6.27,0.79,"1,083.31","1,094.11","1,398.70",949.00
2026-07-29,77,GSY,28.78,10.15,10.15,9.75,9.77,9.77,0.0,0.0,9.85,10800.0,10.46,106419.5,15,-0.69,0.40,-6.60,4.10,-0.86,9.85,9.57,10.46,8.70
2026-07-29,78,GUFL,37.17,584.0,590.0,573.0,579.0,579.0,0.0,0.0,580.73,24743.0,584.0,14368921.2,161,-5.00,17.00,-0.86,2.97,-0.30,552.27,539.65,644.00,460.60
2026-07-29,79,GVL,29.85,480.2,489.8,480.0,486.0,486.0,0.0,0.0,483.31,14838.0,487.9,7171383.6,84,-1.90,9.80,-0.39,2.04,0.55,491.71,501.15,662.00,461.00
2026-07-29,80,H8020,27.34,11.7,11.81,11.7,11.7,11.7,0.0,0.0,11.78,3200.0,11.81,37681.0,9,-0.11,0.11,-0.93,0.94,-0.64,11.74,11.41,12.56,10.00
2026-07-29,81,HATHY,23.92,742.6,742.6,703.4,726.0,726.0,0.0,0.0,721.07,3398.0,721.0,2450212.6,84,5.00,39.20,0.69,5.57,0.68,831.94,860.29,"1,355.00",660.00
2026-07-29,82,HBL,28.34,200.8,201.9,198.0,198.0,198.0,0.0,0.0,199.43,49632.0,200.8,9898051.1,531,-2.80,3.90,-1.39,1.97,-0.72,201.93,198.57,250.90,184.00
2026-07-29,83,HDHPC,25.15,217.7,218.0,212.0,214.5,214.5,0.0,0.0,213.8,77244.0,215.9,16514711.5,221,-1.40,6.00,-0.65,2.83,0.33,219.90,206.21,274.00,162.00
2026-07-29,84,HDL,24.36,1125.8,1171.0,1125.8,1165.0,1165.0,0.0,0.0,1166.8,12341.0,1167.5,14399514.8,205,-2.50,45.20,-0.21,4.01,-0.15,"1,162.53","1,169.82","1,556.10","1,097.60"
2026-07-29,85,HEI,37.65,542.0,548.4,535.2,542.8,542.8,0.0,0.0,537.45,1764.0,537.0,948060.6,18,5.80,13.20,1.08,2.47,0.99,532.26,521.31,637.30,458.00
2026-07-29,86,HEIP,27.48,341.9,341.9,341.9,341.9,341.9,0.0,0.0,341.9,10.0,332.0,3419.0,1,9.90,0.00,2.98,0.00,0.00,326.40,327.85,386.00,293.10
2026-07-29,87,HFIN,44.29,725.0,740.0,715.0,717.0,717.0,0.0,0.0,723.16,30574.0,724.1,22109974.1,509,-7.10,25.00,-0.98,3.50,-0.86,0.00,0.00,"1,450.60",101.70
2026-07-29,88,HHL,27.09,339.0,345.0,337.0,340.0,340.0,0.0,0.0,340.27,22933.0,340.0,7803384.4,123,0.00,8.00,0.00,2.37,-0.08,358.52,350.01,442.50,309.00
2026-07-29,89,HIDCL,25.12,260.1,262.9,258.2,260.0,260.0,0.0,0.0,259.94,31911.0,260.0,8294890.0,172,0.00,4.70,0.00,1.82,0.02,268.02,267.23,324.80,245.00
2026-07-29,90,HIDCLP,24.39,203.7,203.7,190.7,190.8,190.8,0.0,0.0,191.87,56625.0,194.0,10864821.9,138,-3.20,13.00,-1.65,6.82,-0.56,200.72,195.13,239.00,174.40
2026-07-29,91,HIMSTAR,25.78,722.7,745.1,722.7,742.9,742.9,0.0,0.0,731.64,4500.0,739.0,3292378.6,78,3.90,22.40,0.53,3.10,1.52,887.00,867.45,"1,264.00",252.20
2026-07-29,92,HLBSL,25.35,890.0,901.0,876.3,880.0,880.0,0.0,0.0,877.35,719.0,887.0,630811.6,13,-7.00,24.70,-0.79,2.82,0.30,903.45,906.75,"1,100.00",830.00
2026-07-29,93,HLI,23.95,327.9,330.0,325.0,325.8,325.8,0.0,0.0,326.24,13625.0,328.0,4445004.8,194,-2.20,5.00,-0.67,1.54,-0.13,350.72,358.74,461.00,313.10
2026-07-29,94,HLICF,29.29,8.43,8.92,8.3,8.69,8.69,0.0,0.0,8.75,4195.0,8.41,36701.8,15,0.28,0.62,3.33,7.47,-0.68,9.15,0.00,10.55,8.25
2026-07-29,95,HPPL,47.72,378.0,400.0,378.0,394.7,394.7,0.0,0.0,392.14,573369.0,381.9,224840282.9,1491,12.80,22.00,3.35,5.82,0.65,406.67,431.26,605.00,340.10
2026-07-29,96,HRL,26.67,600.0,613.0,600.0,601.1,601.1,0.0,0.0,604.37,66078.0,596.0,39935887.9,584,5.10,13.00,0.86,2.17,-0.54,715.76,754.26,"1,139.90",545.00
2026-07-29,97,HURJA,24.41,232.0,238.0,232.0,234.2,234.2,0.0,0.0,235.76,16960.0,234.1,3998451.4,84,0.10,6.00,0.04,2.59,-0.67,258.29,247.14,312.10,204.60
2026-07-29,98,ICFC,34.01,619.9,625.0,610.1,618.0,618.0,0.0,0.0,618.26,10039.0,613.1,6206672.5,40,4.90,14.90,0.80,2.44,-0.04,636.62,637.57,730.90,580.00
2026-07-29,99,ICFCD89,38.96,1092.7,1100.0,1092.7,1100.0,1100.0,0.0,0.0,1097.04,170.0,1098.0,186497.5,7,2.00,7.30,0.18,0.67,0.27,0.00,0.00,"1,140.00","1,020.00"
2026-07-29,100,IGI,22.96,441.0,441.0,436.0,441.0,441.0,0.0,0.0,437.82,2536.0,442.8,1110319.0,21,-1.80,5.00,-0.41,1.15,0.72,441.40,434.46,590.00,392.00
2026-07-29,101,IHL,25.95,348.1,357.9,348.0,350.0,350.0,0.0,0.0,352.18,5569.0,354.8,1961316.3,50,-4.80,9.90,-1.35,2.84,-0.62,445.94,481.72,638.00,329.00
2026-07-29,102,ILBS,23.59,870.1,888.0,870.0,887.0,887.0,0.0,0.0,876.92,78.0,892.0,68400.0,5,-5.00,18.00,-0.56,2.07,1.14,939.86,981.95,"1,311.00",815.00
2026-07-29,103,ILI,23.83,415.0,423.0,415.0,418.0,418.0,0.0,0.0,418.37,3086.0,419.0,1291092.0,154,-1.00,8.00,-0.24,1.93,-0.09,437.75,443.08,489.60,399.00
2026-07-29,104,JBBD87,34.88,1113.0,1113.0,1112.0,1112.0,1112.0,0.0,0.0,1112.11,229.0,1121.0,254673.0,4,-9.00,1.00,-0.80,0.09,-0.01,"1,118.00","1,100.32","1,289.00","1,048.50"
2026-07-29,105,JBBL,29.06,345.4,354.0,345.4,347.2,347.2,0.0,0.0,349.69,26253.0,349.6,9180520.3,110,-2.40,8.60,-0.69,2.49,-0.72,353.65,344.48,413.00,295.00
2026-07-29,106,JBLB,27.45,1260.0,1279.9,1260.0,1262.0,1262.0,0.0,0.0,1266.12,3416.0,1267.1,4325065.7,78,-5.10,19.90,-0.40,1.58,-0.33,"1,301.10","1,346.04","1,644.00","1,219.90"
2026-07-29,107,JFL,23.95,405.0,405.0,395.2,401.0,401.0,0.0,0.0,396.29,1989.0,400.0,788216.0,22,1.00,9.80,0.25,2.48,1.18,418.51,422.06,546.00,375.00
2026-07-29,108,JHAPA,38.38,1136.0,1140.0,1120.0,1134.9,1134.9,0.0,0.0,1130.95,3628.0,1135.0,4103092.8,80,-0.10,20.00,-0.01,1.79,0.35,"1,394.20",0.00,"1,929.00",293.40
2026-07-29,109,JOSHI,26.34,260.1,271.0,260.1,264.0,264.0,0.0,0.0,266.5,7969.0,263.0,2123703.0,51,1.00,10.90,0.38,4.19,-0.95,286.09,292.90,388.60,246.00
2026-07-29,110,JSLBB,19.91,985.0,1013.9,985.0,1013.9,1013.9,0.0,0.0,988.61,80.0,1010.0,79089.0,3,3.90,28.90,0.39,2.93,2.49,"1,105.54","1,129.24","1,485.00",941.00
2026-07-29,111,KAHL,28.57,579.0,579.0,540.0,549.0,549.0,0.0,0.0,555.77,48643.0,561.3,27034129.2,1494,-12.30,39.00,-2.19,7.22,-1.23,0.00,0.00,613.00,295.40
2026-07-29,112,KBL,33.55,234.1,234.1,220.2,221.0,221.0,0.0,0.0,223.11,259969.0,223.0,58002389.6,573,-2.00,13.90,-0.90,6.31,-0.96,213.34,203.01,256.00,175.50
2026-07-29,113,KBLD89,40.48,1285.0,1285.0,1255.0,1255.0,1255.0,0.0,0.0,1266.3,131.0,1250.0,165885.0,4,5.00,30.00,0.40,2.39,-0.90,"1,239.06","1,210.07","1,379.00","1,180.00"
2026-07-29,114,KBLD90,20.58,1425.9,1425.9,1425.9,1383.2,1383.2,0.0,0.0,1383.2,1.0,1425.9,1383.2,1,-42.70,0.00,-2.99,0.00,0.00,"1,179.85",0.00,"1,500.00","1,187.00"
2026-07-29,115,KBSH,27.72,1008.0,1008.0,931.2,945.0,945.0,0.0,0.0,944.07,25870.0,960.0,24423077.4,324,-15.00,76.80,-1.56,8.25,0.10,"1,539.73","1,614.53","2,114.00",888.70
2026-07-29,116,KDBY,35.61,11.0,11.3,11.0,11.16,11.16,0.0,0.0,11.15,161350.0,11.05,1798282.5,44,0.11,0.30,1.00,2.73,0.13,10.92,10.40,12.54,8.67
2026-07-29,117,KDL,29.84,790.0,805.0,780.0,784.0,784.0,0.0,0.0,784.05,3248.0,790.0,2546587.3,48,-6.00,25.00,-0.76,3.21,-0.01,845.73,852.53,"1,185.00",730.00
2026-07-29,118,KEF,27.82,10.34,10.81,10.31,10.35,10.35,0.0,0.0,10.36,127716.0,10.54,1322827.3,35,-0.19,0.50,-1.80,4.85,-0.07,10.31,9.90,11.30,8.31
2026-07-29,119,KHPL,33.72,930.0,1061.0,898.7,1061.0,1061.0,0.0,0.0,944.87,25608.0,944.0,24196132.3,268,117.00,162.30,12.39,18.06,10.95,0.00,0.00,"1,324.80",300.00
2026-07-29,120,KKHC,44.2,298.0,299.0,281.3,295.0,295.0,0.0,0.0,293.9,720327.0,284.7,211706112.9,1709,10.30,17.70,3.62,6.29,0.37,268.96,258.08,340.50,208.00
2026-07-29,121,KMCDB,35.27,787.0,789.0,763.8,784.0,784.0,0.0,0.0,770.55,4774.0,787.0,3678589.6,51,-3.00,25.20,-0.38,3.30,1.72,883.75,931.28,"1,200.00",735.00
2026-07-29,122,KPCL,26.05,471.0,474.0,470.0,470.0,470.0,0.0,0.0,470.52,4940.0,472.9,2324364.9,40,-2.90,4.00,-0.61,0.85,-0.11,503.69,520.28,711.00,450.00
2026-07-29,123,KSBBL,28.09,487.8,487.8,482.8,482.8,482.8,0.0,0.0,484.38,22894.0,486.0,11089340.8,77,-3.20,5.00,-0.66,1.04,-0.33,478.91,465.42,587.00,404.10
2026-07-29,124,KSY,38.12,9.95,9.95,9.66,9.9,9.9,0.0,0.0,9.77,1100.0,9.95,10750.0,9,-0.05,0.29,-0.50,3.00,1.29,9.66,9.41,10.51,8.21
2026-07-29,125,LBBL,31.65,491.1,500.5,491.1,495.0,495.0,0.0,0.0,496.23,36458.0,499.9,18091461.0,89,-4.90,9.40,-0.98,1.91,-0.25,490.28,483.56,646.30,433.00
2026-07-29,126,LEC,41.11,229.5,231.7,225.0,226.9,226.9,0.0,0.0,228.87,200185.0,227.7,45817222.3,432,-0.80,6.70,-0.35,2.98,-0.87,226.76,217.28,276.00,180.00
2026-07-29,127,LICN,27.6,787.2,795.0,783.0,789.9,789.9,0.0,0.0,787.56,9285.0,786.3,7312457.7,53,3.60,12.00,0.46,1.53,0.30,823.16,841.98,980.80,763.00
2026-07-29,128,LLBS,32.81,900.0,910.0,885.0,910.0,910.0,0.0,0.0,889.72,2752.0,910.0,2448503.2,27,0.00,25.00,0.00,2.82,2.23,960.87,964.48,"1,280.00",819.40
2026-07-29,129,LSL,38.38,225.4,230.0,225.2,228.5,228.5,0.0,0.0,228.75,191885.0,227.5,43893508.0,215,1.00,4.80,0.44,2.13,-0.11,218.62,219.88,252.00,203.00
2026-07-29,130,LUK,49.6,10.69,10.89,10.26,10.79,10.79,0.0,0.0,10.58,34610.0,10.91,366092.4,16,-0.12,0.63,-1.10,6.14,1.97,10.00,9.78,11.97,8.97
2026-07-29,131,LVF2,26.97,9.35,9.35,9.3,9.3,9.3,0.0,0.0,9.31,1500.0,9.35,13965.0,5,-0.05,0.05,-0.53,0.54,-0.11,9.81,9.61,11.24,8.76
2026-07-29,132,MABEL,32.46,593.0,620.0,590.0,600.0,600.0,0.0,0.0,596.17,7772.0,606.0,4633448.4,116,-6.00,30.00,-0.99,5.08,0.64,703.14,0.00,927.00,317.70
2026-07-29,133,MAKAR,36.46,440.1,450.0,439.2,440.0,440.0,0.0,0.0,441.12,70620.0,442.5,31151929.3,261,-2.50,10.80,-0.56,2.46,-0.25,506.41,522.75,690.00,427.50
2026-07-29,134,MANDU,35.27,820.0,839.0,815.4,825.0,825.0,0.0,0.0,820.05,3558.0,839.9,2917749.4,37,-14.90,23.60,-1.77,2.89,0.60,821.34,815.28,955.00,766.00
2026-07-29,135,MATRI,29.7,834.5,865.0,820.0,820.0,820.0,0.0,0.0,835.19,1200.0,859.0,1002233.2,21,-39.00,45.00,-4.54,5.49,-1.85,919.99,939.85,"1,279.90",786.30
2026-07-29,136,MBJC,31.81,268.3,277.0,265.0,269.0,269.0,0.0,0.0,269.04,37825.0,273.4,10176423.6,243,-4.40,12.00,-1.61,4.53,-0.01,288.45,286.68,335.00,261.10
2026-07-29,137,MBL,36.46,263.0,265.0,258.0,259.0,259.0,0.0,0.0,261.45,79615.0,261.0,20815702.9,226,-2.00,7.00,-0.77,2.71,-0.95,246.82,237.50,284.00,205.00
2026-07-29,138,MBLEF,29.4,10.01,10.27,9.92,10.2,10.2,0.0,0.0,9.98,4900.0,10.0,48920.0,17,0.20,0.35,2.00,3.53,2.12,10.13,9.83,10.80,8.63
2026-07-29,139,MCHL,25.34,285.2,285.2,272.1,283.3,283.3,0.0,0.0,280.97,4227.0,277.1,1187640.5,69,6.20,13.10,2.24,4.81,0.82,355.02,392.29,581.40,262.00
2026-07-29,140,MDB,35.71,570.0,598.0,570.0,590.0,590.0,0.0,0.0,590.28,2683.0,593.0,1583708.8,50,-3.00,28.00,-0.51,4.91,-0.05,613.30,602.87,729.70,530.50
2026-07-29,141,MEHL,32.7,305.0,314.0,296.0,307.0,307.0,0.0,0.0,303.94,2393.0,309.0,727331.0,52,-2.00,18.00,-0.65,6.08,1.00,397.05,408.80,519.00,290.00
2026-07-29,142,MEL,28.64,218.0,222.0,217.0,217.9,217.9,0.0,0.0,218.48,22064.0,220.0,4820523.4,121,-2.10,5.00,-0.95,2.30,-0.27,256.31,263.99,334.00,203.80
2026-07-29,143,MEN,30.39,592.0,600.0,592.0,599.0,599.0,0.0,0.0,597.74,26078.0,597.0,15587760.6,172,2.00,8.00,0.34,1.35,0.21,594.38,596.68,683.40,535.00
2026-07-29,144,MERO,24.26,722.0,722.0,678.0,679.0,679.0,0.0,0.0,683.85,2158.0,687.7,1475748.1,43,-8.70,44.00,-1.27,6.49,-0.71,726.29,735.97,969.00,655.00
2026-07-29,145,MFIL,29.95,777.0,794.3,777.0,791.8,791.8,0.0,0.0,789.71,64463.0,791.9,50906774.6,106,-0.10,17.30,-0.01,2.23,0.26,799.97,754.72,938.00,545.00
2026-07-29,146,MHCL,30.87,328.5,328.5,314.1,314.1,314.1,0.0,0.0,318.28,2486.0,319.0,791239.1,39,-4.90,14.40,-1.54,4.58,-1.33,356.03,369.12,497.90,301.00
2026-07-29,147,MHL,28.83,470.0,480.0,465.6,474.0,474.0,0.0,0.0,466.8,7960.0,470.0,3715738.8,40,4.00,14.40,0.85,3.09,1.52,506.94,501.05,645.90,445.00
2026-07-29,148,MHNL,39.69,237.0,243.1,237.0,243.0,243.0,0.0,0.0,240.23,7798.0,242.9,1873314.2,55,0.10,6.10,0.04,2.57,1.14,266.64,260.63,324.00,223.00
2026-07-29,149,MKCL,24.04,1157.9,1158.0,1112.0,1143.9,1143.9,0.0,0.0,1117.37,459.0,1139.0,512871.5,18,4.90,46.00,0.43,4.14,2.32,"1,283.53","1,322.56","1,900.00","1,043.00"
2026-07-29,150,MKHC,27.76,288.6,294.5,288.0,290.1,290.1,0.0,0.0,290.01,7635.0,291.0,2214226.8,54,-0.90,6.50,-0.31,2.26,0.03,323.80,339.21,503.40,275.00
2026-07-29,151,MKHL,28.26,488.3,514.0,488.3,514.0,514.0,0.0,0.0,501.62,3608.0,503.0,1809853.6,52,11.00,25.70,2.19,5.26,2.41,641.14,691.98,954.90,457.00
2026-07-29,152,MKJC,32.01,470.9,474.0,463.0,465.2,465.2,0.0,0.0,471.3,3515.0,471.9,1656615.0,25,-6.70,11.00,-1.42,2.38,-1.31,503.94,514.65,635.00,434.10
2026-07-29,153,MLBBL,31.49,1135.0,1149.9,1134.0,1134.0,1134.0,0.0,0.0,1135.84,1025.0,1150.0,1164233.4,18,-16.00,15.90,-1.39,1.40,-0.16,"1,250.63","1,317.40","1,687.00","1,076.70"
2026-07-29,154,MLBL,28.19,356.1,358.9,354.5,358.0,358.0,0.0,0.0,355.52,12719.0,356.1,4521822.8,73,1.90,4.40,0.53,1.24,0.69,369.23,372.02,468.60,340.10
2026-07-29,155,MLBS,24.49,1116.0,1175.2,1116.0,1172.0,1172.0,0.0,0.0,1134.03,212.0,1150.0,240414.0,14,22.00,59.20,1.91,5.30,3.24,"1,325.06","1,384.09","1,809.90","1,113.00"
2026-07-29,156,MLBSL,23.94,1727.0,1727.0,1690.0,1690.0,1690.0,0.0,0.0,1687.4,51.0,1727.0,86057.6,6,-37.00,37.00,-2.14,2.19,0.15,"1,824.21","1,879.17","2,385.00","1,633.00"
2026-07-29,157,MMF1,26.59,9.0,9.29,9.0,9.2,9.2,0.0,0.0,9.07,38440.0,9.12,348532.7,29,0.08,0.29,0.88,3.22,1.45,9.50,9.21,10.16,8.22
2026-07-29,158,MMKJL,43.05,492.0,492.0,480.0,482.0,482.0,0.0,0.0,482.85,2585.0,492.3,1248169.0,30,-10.30,12.00,-2.09,2.50,-0.18,524.59,550.69,699.90,429.10
2026-07-29,159,MNBBL,28.1,374.0,374.0,370.0,371.2,371.2,0.0,0.0,370.86,20289.0,372.2,7524479.3,139,-1.00,4.00,-0.27,1.08,0.09,373.17,367.15,501.10,340.10
2026-07-29,160,MNMF1,32.56,9.65,9.93,9.55,9.75,9.75,0.0,0.0,9.69,84881.0,9.6,822423.7,25,0.15,0.38,1.56,3.98,0.62,9.82,9.54,10.40,8.53
2026-07-29,161,MPFL,27.73,653.0,653.0,611.1,621.0,621.0,0.0,0.0,618.8,3483.0,622.3,2155292.8,31,-1.30,41.90,-0.21,6.86,0.35,635.37,615.09,744.00,491.00
2026-07-29,162,MSHL,24.89,610.0,620.0,605.1,609.3,609.3,0.0,0.0,611.32,443.0,616.0,270815.4,18,-6.70,14.90,-1.09,2.46,-0.33,723.25,776.06,955.00,576.00
2026-07-29,163,MSLB,29.26,1201.0,1239.0,1201.0,1205.0,1205.0,0.0,0.0,1209.84,1042.0,1220.0,1260650.6,28,-15.00,38.00,-1.23,3.16,-0.40,"1,277.87","1,310.28","1,710.00","1,089.90"
2026-07-29,164,NABBC,21.56,776.0,800.0,776.0,785.1,785.1,0.0,0.0,791.23,4249.0,790.0,3361920.0,50,-4.90,24.00,-0.62,3.09,-0.78,"1,138.04","1,111.58","1,835.00",662.00
2026-07-29,165,NABIL,35.27,558.0,560.0,553.5,557.5,557.5,0.0,0.0,558.15,58797.0,558.0,32817748.0,501,-0.50,6.50,-0.09,1.17,-0.12,525.05,517.20,568.00,471.00
2026-07-29,166,NABILD2089,29.61,1056.0,1056.0,1056.0,1056.0,1056.0,0.0,0.0,1056.0,10.0,1081.0,10560.0,1,-25.00,0.00,-2.31,0.00,0.00,0.00,0.00,"1,154.00","1,000.00"
2026-07-29,167,NADEP,21.1,747.0,747.0,728.0,729.3,729.3,0.0,0.0,729.19,161.0,747.0,117400.0,8,-17.70,19.00,-2.37,2.61,0.01,764.62,770.54,"1,046.00",696.00
2026-07-29,168,NBBD2085,34.75,1160.7,1160.7,1160.7,1160.7,1160.7,0.0,0.0,1160.7,1000.0,1160.0,1160700.0,1,0.70,0.00,0.06,0.00,0.00,"1,125.49","1,113.20","1,206.30","1,078.60"
2026-07-29,169,NBF2,26.91,9.92,9.92,9.9,9.9,9.9,0.0,0.0,9.91,7500.0,10.2,74347.0,5,-0.30,0.02,-2.94,0.20,-0.13,9.96,9.76,10.95,8.89
2026-07-29,170,NBF3,43.74,9.6,10.09,9.33,10.09,10.09,0.0,0.0,9.52,16850.0,9.71,160387.0,27,0.38,0.76,3.91,8.15,5.66,9.87,9.60,10.67,8.35
2026-07-29,171,NBL,37.3,274.0,274.0,269.1,272.0,272.0,0.0,0.0,270.87,46665.0,271.9,12640167.2,153,0.10,4.90,0.04,1.82,0.42,264.72,257.37,306.00,225.40
2026-07-29,172,NBLD85,30.38,1035.4,1040.0,1035.4,1040.0,1040.0,0.0,0.0,1038.47,75.0,1046.0,77885.0,2,-6.00,4.60,-0.57,0.44,0.15,"1,058.09","1,048.29","1,187.00","1,015.00"
2026-07-29,173,NBLD87,24.68,1100.0,1100.0,1100.0,1100.0,1100.0,0.0,0.0,1100.0,25.0,1088.0,27500.0,1,12.00,0.00,1.10,0.00,0.00,"1,098.84","1,082.45","1,225.00","1,015.50"
2026-07-29,174,NESDO,35.48,1500.0,1529.0,1470.0,1500.0,1500.0,0.0,0.0,1497.69,371.0,1500.0,555641.5,14,0.00,59.00,0.00,4.01,0.15,"1,546.79","1,533.59","1,879.00","1,380.10"
2026-07-29,175,NFS,24.18,572.1,588.0,572.1,578.5,578.5,0.0,0.0,581.68,7640.0,586.0,4444009.5,61,-7.50,15.90,-1.28,2.78,-0.55,609.18,619.99,851.00,550.00
2026-07-29,176,NGPL,27.01,411.0,413.8,407.6,409.9,409.9,0.0,0.0,410.21,131658.0,410.0,54007317.8,353,-0.10,6.20,-0.02,1.52,-0.08,437.09,421.97,502.00,343.00
2026-07-29,177,NHDL,34.88,633.0,639.6,621.0,630.0,630.0,0.0,0.0,628.38,6118.0,639.9,3844444.5,32,-9.90,18.60,-1.55,3.00,0.26,646.06,661.24,796.00,606.30
2026-07-29,178,NHPC,24.93,260.0,273.0,260.0,267.6,267.6,0.0,0.0,269.26,131662.0,268.0,35450748.7,405,-0.40,13.00,-0.15,5.00,-0.62,271.68,245.12,340.00,178.60
2026-07-29,179,NIBD84,35.37,1045.0,1045.0,1045.0,1045.0,1045.0,0.0,0.0,1045.0,25.0,1063.3,26125.0,1,-18.30,0.00,-1.72,0.00,0.00,"1,055.37","1,050.43","1,130.00","1,013.70"
2026-07-29,180,NIBLGF,21.89,9.11,9.11,9.11,9.11,9.11,0.0,0.0,9.11,150.0,9.22,1366.5,1,-0.11,0.00,-1.19,0.00,0.00,9.50,9.21,11.81,8.24
2026-07-29,181,NIBLSTF,36.99,8.66,8.99,8.61,8.99,8.99,0.0,0.0,8.69,2627.0,8.8,22827.77,10,0.19,0.38,2.16,4.41,3.34,9.20,8.97,10.85,8.02
2026-07-29,182,NIBSF2,31.69,8.75,9.05,8.75,8.75,8.75,0.0,0.0,8.91,9500.0,8.99,84641.0,14,-0.24,0.30,-2.67,3.43,-1.82,9.26,9.00,11.13,8.10
2026-07-29,183,NICA,28.44,345.0,345.0,335.0,338.9,338.9,0.0,0.0,337.38,37161.0,340.0,12537510.6,183,-1.10,10.00,-0.32,2.99,0.45,347.75,340.20,411.00,304.50
2026-07-29,184,NICAD2091,36.95,1041.0,1048.1,1041.0,1048.1,1048.1,0.0,0.0,1044.94,45.0,1055.0,47022.5,2,-6.90,7.10,-0.65,0.68,0.30,"1,065.12",0.00,"1,106.00","1,005.20"
2026-07-29,185,NICD83/84,24.55,1027.1,1027.1,1027.0,1027.0,1027.0,0.0,0.0,1027.02,300.0,1026.0,308105.6,2,1.00,0.10,0.10,0.01,0.00,"1,075.07","1,038.29","1,142.00","1,025.90"
2026-07-29,186,NICD88,17.74,1100.0,1100.0,1100.0,1100.0,1100.0,0.0,0.0,1100.0,50.0,1100.0,55000.0,2,0.00,0.00,0.00,0.00,0.00,"1,074.50","1,062.01","1,153.00","1,019.20"
2026-07-29,187,NICFC,23.63,9.2,9.2,9.1,9.12,9.12,0.0,0.0,9.12,4172.0,9.22,38047.64,10,-0.10,0.10,-1.08,1.10,0.00,9.35,9.19,10.40,8.37
2026-07-29,188,NICGF2,37.31,9.05,9.2,9.05,9.14,9.14,0.0,0.0,9.14,700.0,9.3,6397.0,6,-0.16,0.15,-1.72,1.66,0.02,9.42,9.22,10.13,8.33
2026-07-29,189,NICL,30.02,520.0,520.0,506.0,510.0,510.0,0.0,0.0,509.25,24893.0,510.9,12676743.2,71,-0.90,14.00,-0.18,2.77,0.15,511.21,512.28,680.70,475.00
2026-07-29,190,NICLBSL,27.27,555.0,560.0,552.3,558.0,558.0,0.0,0.0,555.1,4106.0,560.0,2279220.1,52,-2.00,7.70,-0.36,1.39,0.52,576.56,571.40,754.80,527.00
2026-07-29,191,NICSF,30.96,9.0,9.0,8.92,8.95,8.95,0.0,0.0,8.94,6100.0,8.9,54558.0,9,0.05,0.08,0.56,0.90,0.07,9.28,9.06,9.99,8.04
2026-07-29,192,NIFRA,25.64,251.0,254.4,250.0,250.1,250.1,0.0,0.0,250.77,29582.0,251.5,7418133.5,327,-1.40,4.40,-0.56,1.76,-0.27,263.54,265.39,318.00,240.00
2026-07-29,193,NIL,24.55,622.0,625.0,616.0,617.5,617.5,0.0,0.0,617.78,3576.0,622.0,2209177.3,49,-4.50,9.00,-0.72,1.46,-0.05,629.84,622.50,765.00,562.00
2026-07-29,194,NIMB,36.02,203.0,203.8,199.1,199.5,199.5,0.0,0.0,201.27,129373.0,202.8,26039530.5,376,-3.30,4.70,-1.63,2.36,-0.89,199.77,198.10,247.00,184.00
2026-07-29,195,NIMBPO,29.22,145.9,145.9,143.2,143.4,143.4,0.0,0.0,143.28,8519.0,142.7,1220596.8,16,0.70,2.70,0.49,1.89,0.08,153.48,155.39,184.50,139.00
2026-07-29,196,NLG,25.68,589.0,590.0,578.1,590.0,590.0,0.0,0.0,582.77,10656.0,592.0,6209997.7,51,-2.00,11.90,-0.34,2.06,1.23,628.87,651.71,915.00,546.00
2026-07-29,197,NLIC,23.2,748.1,766.5,748.1,750.0,750.0,0.0,0.0,752.7,5470.0,755.1,4117293.4,95,-5.10,18.40,-0.68,2.46,-0.36,770.02,780.72,880.00,702.00
2026-07-29,198,NLICL,23.96,606.9,606.9,579.1,580.0,580.0,0.0,0.0,587.14,5796.0,578.0,3403051.4,51,2.00,27.80,0.35,4.80,-1.23,588.00,593.47,681.80,539.00
2026-07-29,199,NMB,39.09,247.0,252.0,247.0,248.0,248.0,0.0,0.0,248.98,45491.0,249.2,11326413.5,155,-1.20,5.00,-0.48,2.02,-0.40,244.11,243.76,283.00,230.00
2026-07-29,200,NMB50,28.49,10.59,10.59,10.59,10.59,10.59,0.0,0.0,10.59,500.0,10.35,5295.0,1,0.24,0.00,2.32,0.00,0.00,10.48,10.37,11.93,9.75
2026-07-29,201,NMBHF2,32.86,9.58,9.78,9.58,9.58,9.58,0.0,0.0,9.77,80624.0,9.61,787316.98,15,-0.03,0.20,-0.31,2.09,-1.93,9.68,9.47,10.20,8.57
2026-07-29,202,NMBMF,38.48,630.0,635.5,616.5,631.0,631.0,0.0,0.0,621.21,228.0,633.9,141636.5,10,-2.90,19.00,-0.46,3.08,1.55,651.71,663.16,826.00,582.00
2026-07-29,203,NMFBS,26.14,1120.0,1130.0,1117.1,1120.0,1120.0,0.0,0.0,1120.53,2307.0,1125.0,2585062.6,35,-5.00,12.90,-0.44,1.15,-0.05,"1,132.57","1,173.42","1,484.00","1,051.90"
2026-07-29,204,NMIC,25.01,932.4,945.0,932.4,938.0,938.0,0.0,0.0,937.61,1591.0,941.5,1491738.7,47,-3.50,12.60,-0.37,1.35,0.04,"1,130.33","1,182.90","1,724.60",860.00
2026-07-29,205,NMLBBL,28.27,531.0,534.0,525.0,530.1,530.1,0.0,0.0,530.17,6400.0,532.2,3393102.3,44,-2.10,9.00,-0.39,1.71,-0.01,601.42,616.04,807.00,496.10
2026-07-29,206,NRIC,24.72,979.0,979.0,951.0,952.0,952.0,0.0,0.0,953.93,15261.0,953.0,14557962.1,139,-1.00,28.00,-0.10,2.94,-0.20,"1,057.23","1,141.95","1,842.00",865.00
2026-07-29,207,NRM,25.37,315.0,323.0,311.1,312.1,312.1,0.0,0.0,314.65,5945.0,319.0,1870602.1,87,-6.90,11.90,-2.16,3.83,-0.82,386.02,399.69,590.00,295.10
2026-07-29,208,NRN,27.49,1390.0,1440.0,1383.0,1398.0,1398.0,0.0,0.0,1406.61,90324.0,1420.0,127050942.4,488,-22.00,57.00,-1.55,4.12,-0.62,"1,477.27","1,531.93","2,366.00","1,280.00"
2026-07-29,209,NSIF2,42.24,10.84,10.84,10.64,10.75,10.75,0.0,0.0,10.82,15650.0,10.89,169285.0,9,-0.14,0.20,-1.29,1.88,-0.62,10.76,10.57,11.93,9.75
2026-07-29,210,NSY,43.64,9.4,9.5,9.12,9.5,9.5,0.0,0.0,9.44,19600.0,9.6,184932.0,19,-0.10,0.38,-1.04,4.17,0.68,0.00,0.00,10.19,9.00
2026-07-29,211,NTC,42.59,858.0,875.0,855.2,869.8,869.8,0.0,0.0,869.35,14738.0,861.9,12812421.4,201,7.90,19.80,0.92,2.32,0.05,867.13,867.52,942.50,762.50
2026-07-29,212,NUBL,30.74,607.0,625.0,602.0,623.0,623.0,0.0,0.0,609.39,9183.0,617.0,5596057.4,66,6.00,23.00,0.97,3.82,2.18,671.33,693.71,835.30,582.20
2026-07-29,213,NWCL,29.75,707.7,723.8,707.7,716.8,716.8,0.0,0.0,709.83,2927.0,724.0,2077685.4,56,-7.20,16.10,-0.99,2.27,0.97,814.66,816.31,"1,045.00",691.00
2026-07-29,214,NYADI,28.11,358.1,366.1,358.1,366.1,366.1,0.0,0.0,364.0,2032.0,361.2,739638.3,44,4.90,8.00,1.36,2.23,0.57,398.16,397.06,482.00,341.00
2026-07-29,215,OHL,30.21,690.7,690.8,669.0,678.0,678.0,0.0,0.0,675.11,3429.0,689.0,2314964.2,31,-11.00,21.80,-1.60,3.26,0.43,704.90,705.22,934.90,633.10
2026-07-29,216,OMPL,31.1,940.1,968.0,940.0,959.0,959.0,0.0,0.0,947.33,2090.0,955.0,1979919.5,68,4.00,28.00,0.42,2.98,1.22,"1,186.70","1,208.14","1,575.90",848.00
2026-07-29,217,PBD84,36.01,1100.0,1100.0,1100.0,1100.0,1100.0,0.0,0.0,1100.0,25.0,1100.0,27500.0,1,0.00,0.00,0.00,0.00,0.00,"1,103.69","1,089.98","1,182.00","1,070.20"
2026-07-29,218,PBD88,19.84,1182.0,1182.0,1182.0,1182.0,1182.0,0.0,0.0,1182.0,25.0,1182.0,29550.0,1,0.00,0.00,0.00,0.00,0.00,"1,213.83","1,197.46","1,284.00","1,099.70"
2026-07-29,219,PCBL,42.64,238.5,244.4,238.5,241.9,241.9,0.0,0.0,240.65,142194.0,242.0,34218301.7,223,-0.10,5.90,-0.04,2.47,0.52,241.03,242.96,284.00,225.00
2026-07-29,220,PCBLP,32.97,102.0,102.0,102.0,102.0,102.0,0.0,0.0,102.0,200000.0,105.0,20400000.0,2,-3.00,0.00,-2.86,0.00,0.00,135.59,151.03,108.10,100.00
2026-07-29,221,PCIL,26.75,625.0,672.7,625.0,664.0,664.0,0.0,0.0,656.69,34063.0,655.0,22368905.0,729,9.00,47.70,1.37,7.63,1.10,0.00,0.00,"1,280.00",300.00
2026-07-29,222,PHCL,23.73,301.2,305.0,300.7,302.0,302.0,0.0,0.0,302.47,18759.0,302.0,5674004.2,143,0.00,4.30,0.00,1.43,-0.16,307.10,304.63,560.00,249.70
2026-07-29,223,PMHPL,29.76,326.0,326.0,315.0,321.0,321.0,0.0,0.0,317.19,7964.0,318.0,2526074.5,50,3.00,11.00,0.94,3.49,1.19,345.32,339.15,468.00,287.00
2026-07-29,224,PMLI,38.71,444.4,448.0,444.1,444.1,444.1,0.0,0.0,445.16,5734.0,444.3,2552528.2,111,-0.20,3.90,-0.05,0.88,-0.24,476.63,482.82,570.00,424.20
2026-07-29,225,PPCL,24.31,355.0,355.0,341.0,346.9,346.9,0.0,0.0,343.18,7070.0,348.0,2426308.8,45,-1.10,14.00,-0.32,4.11,1.07,379.21,364.87,462.00,284.10
2026-07-29,226,PPL,27.9,345.0,345.0,326.0,335.0,335.0,0.0,0.0,332.89,20801.0,334.9,6924402.0,109,0.10,19.00,0.03,5.83,0.63,361.90,352.00,425.00,263.20
2026-07-29,227,PRIN,26.07,674.0,688.3,668.3,676.6,676.6,0.0,0.0,676.26,4698.0,679.0,3177069.1,38,-2.40,20.00,-0.35,2.99,0.05,699.07,691.81,851.60,630.00
2026-07-29,228,PROFL,27.24,437.0,444.0,430.0,432.0,432.0,0.0,0.0,434.69,5664.0,437.0,2462073.4,31,-5.00,14.00,-1.14,3.26,-0.62,454.83,457.95,588.00,415.00
2026-07-29,229,PRSF,34.02,12.71,12.96,12.71,12.95,12.95,0.0,0.0,12.78,700.0,12.85,8946.0,3,0.10,0.25,0.78,1.97,1.31,12.38,11.76,13.61,9.85
2026-07-29,230,PRVU,34.36,207.0,207.0,193.0,195.7,195.7,0.0,0.0,196.69,130120.0,198.0,25593903.5,366,-2.30,14.00,-1.16,7.25,-0.51,197.87,195.03,250.90,179.90
2026-07-29,231,PSF,18.94,11.79,11.85,11.79,11.85,11.85,0.0,0.0,11.81,4435.0,11.85,52369.75,11,0.00,0.06,0.00,0.51,0.35,11.86,11.39,13.00,9.91
2026-07-29,232,PURE,26.36,845.7,872.0,845.7,861.0,861.0,0.0,0.0,859.77,5344.0,871.3,4594608.6,53,-10.30,26.30,-1.18,3.11,0.14,935.12,929.68,"1,262.00",706.20
2026-07-29,233,RADHI,24.6,706.9,748.0,706.9,737.0,737.0,0.0,0.0,731.85,30721.0,744.0,22483276.4,146,-7.00,41.10,-0.94,5.81,0.70,793.20,780.12,940.00,618.80
2026-07-29,234,RAWA,29.24,430.0,433.0,420.0,425.9,425.9,0.0,0.0,424.17,34600.0,426.6,14676275.3,230,-0.70,13.00,-0.16,3.10,0.41,605.34,644.60,851.70,399.00
2026-07-29,235,RBBF40,21.17,9.27,9.54,9.11,9.27,9.27,0.0,0.0,9.27,53594.0,9.0,496885.34,13,0.27,0.43,3.00,4.72,-0.01,9.46,0.00,10.36,8.95
2026-07-29,236,RBCL,30.17,14575.0,14575.0,14557.0,14557.0,14557.0,0.0,0.0,14566.0,20.0,14575.0,291320.0,2,-18.00,18.00,-0.12,0.12,-0.06,"15,041.56","15,001.15","16,900.00","14,015.00"
2026-07-29,237,RBCLPO,22.02,11593.0,11593.0,11593.0,11593.0,11593.0,0.0,0.0,11593.0,25.0,11450.0,289825.0,1,143.00,0.00,1.25,0.00,0.00,"11,963.14","12,080.65","13,530.00","11,000.00"
2026-07-29,238,RFPL,28.78,330.1,341.9,330.1,335.0,335.0,0.0,0.0,337.08,20971.0,335.0,7068965.2,138,0.00,11.80,0.00,3.57,-0.62,378.36,374.51,715.00,306.00
2026-07-29,239,RHGCL,32.39,258.3,267.7,258.3,265.0,265.0,0.0,0.0,262.82,7317.0,265.7,1923058.9,77,-0.70,9.40,-0.26,3.64,0.82,288.75,277.83,365.50,217.20
2026-07-29,240,RHPL,25.54,260.1,265.9,260.1,262.2,262.2,0.0,0.0,262.37,7335.0,262.0,1924499.8,77,0.20,5.80,0.08,2.23,-0.07,280.77,277.93,369.00,251.30
2026-07-29,241,RIDI,27.79,365.0,377.0,365.0,369.9,369.9,0.0,0.0,371.03,389549.0,372.0,144536072.3,643,-2.10,12.00,-0.56,3.29,-0.31,338.73,301.23,393.00,203.50
2026-07-29,242,RLEL,32.2,877.9,910.0,867.0,899.0,899.0,0.0,0.0,893.27,4575.0,905.0,4086727.0,136,-6.00,43.00,-0.66,4.96,0.64,0.00,0.00,"1,592.30",300.00
2026-07-29,243,RLFL,23.82,462.6,472.9,462.6,463.0,463.0,0.0,0.0,467.25,13545.0,470.0,6328893.3,83,-7.00,10.30,-1.49,2.23,-0.92,459.66,450.19,558.00,398.00
2026-07-29,244,RMF1,42.43,9.39,9.88,9.11,9.88,9.88,0.0,0.0,9.47,71860.0,9.68,680790.6,28,0.20,0.77,2.07,8.45,4.11,9.79,9.58,11.40,8.65
2026-07-29,245,RMF2,22.27,9.8,10.0,9.8,9.97,9.97,0.0,0.0,9.98,1400.0,10.0,13968.0,5,-0.03,0.20,-0.30,2.04,-0.07,10.05,9.75,10.71,8.78
2026-07-29,246,RNLI,27.59,440.0,448.8,440.0,445.9,445.9,0.0,0.0,445.54,12355.0,444.0,5504685.3,192,1.90,8.80,0.43,2.00,0.08,464.35,468.95,522.00,416.00
2026-07-29,247,RSDC,29.06,643.5,650.1,642.2,643.0,643.0,0.0,0.0,646.28,5340.0,647.6,3451113.7,27,-4.60,7.90,-0.71,1.23,-0.51,669.32,658.90,860.00,578.70
2026-07-29,248,RSML,28.53,3110.0,3200.0,3080.5,3118.0,3118.0,0.0,0.0,3112.08,57561.0,3185.0,179134488.7,752,-67.00,119.50,-2.10,3.88,0.19,0.00,0.00,"5,049.00",300.00
2026-07-29,249,RSY,23.04,10.2,10.4,10.2,10.22,10.22,0.0,0.0,10.24,6950.0,10.2,71179.5,14,0.02,0.20,0.20,1.96,-0.21,10.14,9.83,10.70,8.63
2026-07-29,250,RURU,29.12,620.0,628.0,610.0,618.0,618.0,0.0,0.0,618.39,1585.0,620.2,980141.0,28,-2.20,18.00,-0.35,2.95,-0.06,656.29,678.13,830.00,591.00
2026-07-29,251,SABBL,34.68,1130.0,1130.0,1020.1,1099.0,1099.0,0.0,0.0,1059.53,21239.0,1080.0,22503300.3,392,19.00,109.90,1.76,10.77,3.59,0.00,0.00,"2,000.00",300.00
2026-07-29,252,SADBL,24.19,416.5,421.0,415.0,418.0,418.0,0.0,0.0,418.75,13565.0,416.1,5680387.5,63,1.90,6.00,0.46,1.45,-0.18,417.94,412.39,526.50,376.00
2026-07-29,253,SAGAR,25.99,1720.0,1759.0,1713.0,1724.0,1724.0,0.0,0.0,1726.68,4608.0,1755.0,7956523.0,82,-31.00,46.00,-1.77,2.69,-0.16,"1,808.76",0.00,"2,439.00",319.50
2026-07-29,254,SAGF,37.59,10.05,10.35,10.05,10.35,10.35,0.0,0.0,10.29,700.0,10.05,7205.0,3,0.30,0.30,2.99,2.99,0.55,10.12,9.91,11.31,8.79
2026-07-29,255,SAHAS,31.18,663.9,670.0,662.0,663.8,663.8,0.0,0.0,664.61,60637.0,663.9,40300214.3,339,-0.10,8.00,-0.02,1.21,-0.12,626.57,613.61,716.60,535.30
2026-07-29,256,SAIL,30.43,1070.0,1111.0,1063.1,1080.0,1080.0,0.0,0.0,1081.43,27598.0,1120.0,29845274.5,326,-40.00,47.90,-3.57,4.51,-0.13,"1,181.73",0.00,"1,690.00",301.70
2026-07-29,257,SALICO,30.51,585.0,600.0,580.0,589.0,589.0,0.0,0.0,583.96,15345.0,601.0,8960875.0,84,-12.00,20.00,-2.00,3.45,0.86,606.54,604.13,752.00,570.00
2026-07-29,258,SANIMA,37.66,368.5,375.1,368.0,372.7,372.7,0.0,0.0,373.34,118077.0,369.5,44082849.5,323,3.20,7.10,0.87,1.93,-0.17,352.56,340.74,391.00,295.00
2026-07-29,259,SANVI,35.44,618.0,618.9,598.0,598.5,598.5,0.0,0.0,604.25,9226.0,605.3,5574796.4,135,-6.80,20.90,-1.12,3.49,-0.96,732.67,712.72,"1,060.00",536.00
2026-07-29,260,SAPDBL,49.68,818.0,835.0,806.4,828.0,828.0,0.0,0.0,823.13,66416.0,816.0,54668810.2,381,12.00,28.60,1.47,3.55,0.59,836.77,832.54,"1,065.70",686.00
2026-07-29,261,SARBTM,40.46,791.0,805.0,780.0,790.0,790.0,0.0,0.0,789.65,9288.0,791.0,7334285.0,86,-1.00,25.00,-0.13,3.21,0.04,849.73,860.56,"1,048.00",750.00
2026-07-29,262,SBCF,31.72,9.8,9.95,9.55,9.66,9.66,0.0,0.0,9.86,4816.0,9.68,47472.95,10,-0.02,0.40,-0.21,4.19,-2.04,9.74,9.52,12.03,8.82
2026-07-29,263,SBD87,22.13,1087.1,1098.0,1087.0,1087.0,1087.0,0.0,0.0,1090.43,254.0,1120.0,276969.5,4,-33.00,11.00,-2.95,1.01,-0.32,"1,088.06","1,072.00","1,210.00","1,030.00"
2026-07-29,264,SBI,26.93,408.1,412.0,402.0,409.9,409.9,0.0,0.0,408.64,14663.0,408.1,5991905.6,46,1.80,10.00,0.44,2.49,0.31,403.86,402.43,451.40,363.00
2026-07-29,265,SBL,38.25,412.4,415.0,409.0,412.9,412.9,0.0,0.0,412.06,91431.0,412.5,37675384.9,189,0.40,6.00,0.10,1.47,0.20,393.39,381.73,424.00,320.50
2026-07-29,266,SBLD2091,19.68,1048.1,1048.1,1048.0,1048.0,1048.0,0.0,0.0,1048.09,91.0,1080.0,95376.1,2,-32.00,0.10,-2.96,0.01,-0.01,"1,082.50",0.00,"1,150.00",825.35
2026-07-29,267,SBLD89,24.77,1271.0,1271.0,1236.0,1236.0,1236.0,0.0,0.0,1270.81,4520.0,1260.0,5744045.0,2,-24.00,35.00,-1.90,2.83,-2.82,"1,227.52",0.00,"1,450.00","1,190.00"
2026-07-29,268,SCB,30.68,650.1,659.0,641.0,657.0,657.0,0.0,0.0,653.95,12523.0,655.0,8189469.1,86,2.00,18.00,0.31,2.81,0.46,650.29,645.19,712.60,594.90
2026-07-29,269,SEF,31.79,9.9,10.39,9.7,9.75,9.75,0.0,0.0,9.88,49750.0,9.79,491335.35,18,-0.04,0.69,-0.41,7.11,-1.29,9.98,9.77,11.53,8.60
2026-07-29,270,SFEF,40.33,10.0,10.02,10.0,10.02,10.02,0.0,0.0,10.02,1600.0,10.0,16030.0,5,0.02,0.02,0.20,0.20,0.01,10.04,9.79,11.12,8.82
2026-07-29,271,SGHC,33.01,315.0,331.8,315.0,324.8,324.8,0.0,0.0,322.1,171460.0,318.0,55227421.3,459,6.80,16.80,2.14,5.33,0.83,379.49,381.14,487.60,296.00
2026-07-29,272,SGHL,27.79,535.0,544.0,517.0,535.0,535.0,0.0,0.0,529.26,52308.0,535.0,27684714.6,2580,0.00,27.00,0.00,5.22,1.07,0.00,0.00,587.00,299.30
2026-07-29,273,SGIC,25.49,464.0,469.6,460.0,460.0,460.0,0.0,0.0,463.35,6341.0,464.2,2938083.8,69,-4.20,9.60,-0.90,2.09,-0.73,480.24,478.53,625.30,437.00
2026-07-29,274,SHEL,23.54,307.0,307.0,304.1,305.0,305.0,0.0,0.0,305.52,48396.0,306.5,14786002.4,130,-1.50,2.90,-0.49,0.95,-0.17,311.22,302.58,361.00,262.00
2026-07-29,275,SHINE,25.88,414.5,414.9,411.6,412.4,412.4,0.0,0.0,412.65,6351.0,414.5,2620721.9,42,-2.10,3.30,-0.51,0.80,-0.06,411.07,408.74,499.00,382.00
2026-07-29,276,SHINED,25.02,1105.6,1109.0,1105.6,1109.0,1109.0,0.0,0.0,1106.97,450.0,1079.1,498138.5,5,29.90,3.40,2.77,0.31,0.18,"1,132.80",0.00,"1,200.00","1,000.00"
2026-07-29,277,SHIVM,23.86,641.5,644.0,637.0,639.2,639.2,0.0,0.0,640.13,40521.0,641.0,25938615.0,222,-1.80,7.00,-0.28,1.10,-0.15,654.33,635.63,730.00,524.00
2026-07-29,278,SHL,25.64,499.0,502.0,498.2,500.0,500.0,0.0,0.0,500.36,10770.0,500.9,5388888.0,35,-0.90,3.80,-0.18,0.76,-0.07,500.40,502.48,600.00,464.00
2026-07-29,279,SHLB,23.67,1468.5,1505.0,1460.0,1502.9,1502.9,0.0,0.0,1476.82,89.0,1513.9,131437.2,9,-11.00,45.00,-0.73,3.08,1.74,"1,536.13","1,596.25","2,170.00","1,395.00"
2026-07-29,280,SHPC,23.04,507.0,514.0,505.3,508.0,508.0,0.0,0.0,509.47,9281.0,511.0,4728395.4,58,-3.00,8.70,-0.59,1.72,-0.29,523.22,523.35,642.00,475.00
2026-07-29,281,SICL,31.16,614.0,625.0,609.1,611.1,611.1,0.0,0.0,612.19,9181.0,614.0,5620519.8,90,-2.90,15.90,-0.47,2.61,-0.18,630.30,632.08,828.00,588.80
2026-07-29,282,SIFC,27.61,505.1,526.0,505.1,518.1,518.1,0.0,0.0,519.83,3492.0,520.0,1815259.8,29,-1.90,20.90,-0.37,4.14,-0.33,562.20,543.56,687.40,459.00
2026-07-29,283,SIGS2,33.67,10.3,10.5,10.3,10.5,10.5,0.0,0.0,10.39,2350.0,10.5,24425.0,3,0.00,0.20,0.00,1.94,1.01,10.25,9.96,11.70,8.90
2026-07-29,284,SIGS3,42.0,10.63,10.77,10.63,10.77,10.77,0.0,0.0,10.75,10900.0,10.6,117190.0,7,0.17,0.14,1.60,1.32,0.17,10.58,10.23,11.58,8.50
2026-07-29,285,SIKLES,27.66,555.0,562.0,555.0,557.0,557.0,0.0,0.0,558.26,8229.0,559.1,4593898.4,67,-2.10,7.00,-0.38,1.26,-0.23,597.79,603.55,"1,177.00",540.00
2026-07-29,286,SINDU,32.57,720.0,720.0,699.0,710.0,710.0,0.0,0.0,706.0,17345.0,709.5,12245546.0,139,0.50,21.00,0.07,3.00,0.56,749.70,740.84,919.90,608.00
2026-07-29,287,SIPD,27.03,716.0,716.0,675.2,680.0,680.0,0.0,0.0,689.38,10073.0,696.0,6944132.1,279,-16.00,40.80,-2.30,6.04,-1.38,0.00,0.00,"1,216.80",284.30
2026-07-29,288,SJCL,23.45,270.8,280.0,270.8,275.0,275.0,0.0,0.0,273.15,4205.0,277.0,1148586.5,65,-2.00,9.20,-0.72,3.40,0.67,300.45,295.93,365.00,263.20
2026-07-29,289,SJLIC,28.35,417.0,420.0,414.5,415.0,415.0,0.0,0.0,416.46,14893.0,417.9,6202412.9,125,-2.90,5.50,-0.69,1.33,-0.35,436.06,440.68,489.90,390.00
2026-07-29,290,SKBBL,23.76,768.0,768.0,758.0,758.0,758.0,0.0,0.0,758.87,5455.0,761.0,4139624.6,80,-3.00,10.00,-0.39,1.32,-0.11,768.65,792.15,989.00,740.00
2026-07-29,291,SKHEL,26.2,930.4,1007.0,930.4,988.0,988.0,0.0,0.0,984.88,4249.0,979.3,4184768.0,98,8.70,76.60,0.89,8.23,0.32,0.00,0.00,"2,069.40",284.30
2026-07-29,292,SKHL,30.77,903.0,903.0,878.0,894.0,894.0,0.0,0.0,887.66,5088.0,905.0,4516420.0,151,-11.00,25.00,-1.22,2.85,0.71,0.00,0.00,"1,360.00",300.00
2026-07-29,293,SLBBL,25.93,815.0,816.0,806.0,806.6,806.6,0.0,0.0,813.12,2899.0,815.0,2357222.8,30,-8.40,10.00,-1.03,1.24,-0.81,824.72,842.47,"1,155.00",770.10
2026-07-29,294,SLBSL,36.0,1075.0,1110.0,1075.0,1077.3,1077.3,0.0,0.0,1085.39,4347.0,1099.9,4718193.5,51,-22.60,35.00,-2.05,3.26,-0.75,"1,255.02","1,278.41","1,656.00","1,075.00"
2026-07-29,295,SLCF,31.45,9.8,10.09,9.8,10.05,10.05,0.0,0.0,9.99,4150.0,9.97,41457.5,13,0.08,0.29,0.80,2.96,0.60,9.91,9.67,11.99,8.60
2026-07-29,296,SMATA,23.17,720.1,748.9,720.1,740.0,740.0,0.0,0.0,739.43,525.0,742.0,388201.8,25,-2.00,28.80,-0.27,4.00,0.08,779.42,788.60,"1,382.00",713.50
2026-07-29,297,SMB,36.44,1816.1,1849.9,1816.0,1849.9,1849.9,0.0,0.0,1823.0,952.0,1835.0,1735497.0,28,14.90,33.90,0.81,1.87,1.45,"1,843.21","1,901.21","2,530.00","1,699.00"
2026-07-29,298,SMFBS,20.4,1515.2,1536.9,1515.0,1536.9,1536.9,0.0,0.0,1528.48,326.0,1521.0,498285.4,7,15.90,21.90,1.05,1.45,0.55,"1,615.76","1,641.59","1,968.00","1,420.00"
2026-07-29,299,SMH,32.3,506.0,510.0,506.0,506.0,506.0,0.0,0.0,507.34,4422.0,511.0,2243468.2,52,-5.00,4.00,-0.98,0.79,-0.27,608.68,657.59,"1,024.80",482.60
2026-07-29,300,SMHL,44.54,500.0,507.0,492.5,498.0,498.0,0.0,0.0,500.41,108803.0,499.9,54446609.8,323,-1.90,14.50,-0.38,2.94,-0.48,496.06,564.03,"1,230.00",443.00
2026-07-29,301,SMJC,27.62,461.0,461.0,444.0,444.6,444.6,0.0,0.0,447.95,19125.0,460.0,8567118.0,130,-15.40,17.00,-3.35,3.83,-0.75,471.12,481.11,679.30,422.10
2026-07-29,302,SMPDA,25.43,757.1,779.0,757.0,770.0,770.0,0.0,0.0,767.49,523.0,766.8,401397.7,25,3.20,22.00,0.42,2.91,0.33,845.58,864.82,"1,155.00",730.00
2026-07-29,303,SNLI,25.1,430.0,439.0,430.0,430.1,430.1,0.0,0.0,431.04,5050.0,431.7,2176765.4,210,-1.60,9.00,-0.37,2.09,-0.22,454.91,465.15,530.00,411.60
2026-07-29,304,SNORL,34.55,925.0,975.0,925.0,971.4,971.4,0.0,0.0,962.74,36032.0,926.0,34689482.6,856,45.40,50.00,4.90,5.41,0.89,0.00,0.00,"1,017.10",298.70
2026-07-29,305,SOHL,43.61,605.0,614.0,589.0,593.7,593.7,0.0,0.0,598.73,73945.0,606.3,44273097.7,958,-12.60,25.00,-2.08,4.24,-0.85,0.00,0.00,875.50,300.00
2026-07-29,306,SONA,26.68,407.2,419.9,407.2,407.7,407.7,0.0,0.0,409.74,15755.0,410.0,6455380.0,241,-2.30,12.70,-0.56,3.12,-0.50,438.31,433.95,523.30,398.00
2026-07-29,307,SOPL,35.71,848.0,869.0,834.0,836.0,836.0,0.0,0.0,848.4,28683.0,848.0,24334618.7,864,-12.00,35.00,-1.42,4.20,-1.48,0.00,0.00,"1,217.00",276.50
2026-07-29,308,SPC,25.44,420.0,424.8,412.5,417.1,417.1,0.0,0.0,418.32,2099.0,420.0,878047.4,27,-2.90,12.30,-0.69,2.98,-0.29,471.58,480.57,591.00,400.00
2026-07-29,309,SPDL,32.02,384.0,395.0,369.0,385.0,385.0,0.0,0.0,375.62,112049.0,378.0,42088025.0,210,7.00,26.00,1.85,7.05,2.44,402.97,405.09,474.00,353.10
2026-07-29,310,SPHL,26.56,522.5,543.0,522.5,528.0,528.0,0.0,0.0,530.57,1446.0,536.9,767211.0,20,-8.90,20.50,-1.66,3.92,-0.49,554.06,549.51,736.00,477.10
2026-07-29,311,SPIL,29.77,697.0,760.1,680.0,700.0,700.0,0.0,0.0,705.36,17007.0,718.0,11996079.7,51,-18.00,80.10,-2.51,11.78,-0.77,713.61,711.67,875.00,625.00
2026-07-29,312,SPL,30.16,658.7,678.9,640.9,650.0,650.0,0.0,0.0,650.49,5481.0,678.9,3565356.6,40,-28.90,38.00,-4.26,5.93,-0.08,723.93,779.96,"1,035.00",618.00
2026-07-29,313,SRLI,24.3,380.5,384.9,380.5,381.2,381.2,0.0,0.0,381.16,7546.0,382.6,2876247.7,118,-1.40,4.40,-0.37,1.16,0.01,393.43,394.90,441.90,363.90
2026-07-29,314,SSHL,26.79,203.4,207.9,203.0,204.5,204.5,0.0,0.0,204.79,91386.0,205.0,18714925.0,236,-0.50,4.90,-0.24,2.41,-0.14,210.33,195.10,303.00,151.00
2026-07-29,315,STC,27.0,5130.0,5199.0,5130.0,5190.0,5190.0,0.0,0.0,5141.15,1491.0,5200.0,7665448.2,21,-10.00,69.00,-0.19,1.35,0.94,"5,621.38","5,543.02","6,335.90","4,832.00"
2026-07-29,316,SWASTIK,28.98,2070.0,2099.0,2027.0,2031.0,2031.0,0.0,0.0,2056.96,390.0,2080.0,802214.0,18,-49.00,72.00,-2.36,3.55,-1.28,"2,512.89",0.00,"3,400.00",391.70
2026-07-29,317,SWBBL,25.16,669.2,691.0,669.2,680.0,680.0,0.0,0.0,682.44,3942.0,688.0,2690179.3,47,-8.00,21.80,-1.16,3.26,-0.36,732.89,747.72,"1,034.00",630.50
2026-07-29,318,SWMF,26.6,633.0,635.0,620.1,621.1,621.1,0.0,0.0,625.18,2606.0,635.0,1629217.3,44,-13.90,14.90,-2.19,2.40,-0.66,664.77,671.61,862.80,591.00
2026-07-29,319,SYPNL,25.52,1350.0,1379.0,1333.0,1334.0,1334.0,0.0,0.0,1348.0,28991.0,1360.0,39079806.6,524,-26.00,46.00,-1.91,3.45,-1.05,"1,629.90",0.00,"2,255.90",319.80
2026-07-29,320,TAMOR,34.03,451.0,457.0,449.1,453.9,453.9,0.0,0.0,453.01,24714.0,456.0,11195704.6,135,-2.10,7.90,-0.46,1.76,0.20,445.00,451.20,563.80,396.40
2026-07-29,321,TPC,26.65,360.3,365.4,358.0,359.0,359.0,0.0,0.0,359.15,10655.0,360.0,3826707.8,53,-1.00,7.40,-0.28,2.07,-0.04,378.47,368.03,450.00,270.10
2026-07-29,322,TPKHL,36.77,560.0,569.0,551.0,557.9,557.9,0.0,0.0,559.97,24588.0,560.0,13768452.0,987,-2.10,18.00,-0.38,3.27,-0.37,0.00,0.00,772.50,300.00
2026-07-29,323,TRH,22.42,780.0,780.0,770.0,770.4,770.4,0.0,0.0,771.79,544.0,780.0,419854.2,10,-9.60,10.00,-1.23,1.30,-0.18,764.26,748.68,"1,063.80",681.10
2026-07-29,324,TSHL,32.08,379.0,388.0,377.0,383.0,383.0,0.0,0.0,384.13,4284.0,382.0,1645628.3,45,1.00,11.00,0.26,2.92,-0.30,614.31,650.51,989.00,308.10
2026-07-29,325,TTL,32.83,724.0,749.9,724.0,730.0,730.0,0.0,0.0,731.72,9862.0,731.0,7216214.4,180,-1.00,25.90,-0.14,3.58,-0.24,838.43,820.40,"1,262.80",670.00
2026-07-29,326,TVCL,21.83,514.5,514.5,476.1,489.4,489.4,0.0,0.0,482.77,1028.0,490.0,496287.3,18,-0.60,38.40,-0.12,8.07,1.35,547.38,502.30,689.00,377.60
2026-07-29,327,UAIL,23.19,450.0,453.0,446.4,447.2,447.2,0.0,0.0,449.23,4643.0,446.0,2085769.3,65,1.20,6.60,0.27,1.48,-0.45,460.12,459.12,615.00,421.00
2026-07-29,328,UHEWA,22.26,606.9,606.9,560.7,579.6,579.6,0.0,0.0,576.12,8566.0,578.0,4935028.8,89,1.60,46.20,0.28,8.24,0.60,586.71,585.20,692.60,521.00
2026-07-29,329,ULBSL,39.6,2735.5,2850.0,2735.5,2797.5,2797.5,0.0,0.0,2780.89,429.0,2792.0,1193000.0,17,5.50,114.50,0.20,4.19,0.59,"3,050.63","3,254.16","4,325.00","2,705.00"
2026-07-29,330,ULHC,27.94,346.0,354.8,345.0,345.0,345.0,0.0,0.0,347.73,4712.0,348.0,1638503.3,53,-3.00,9.80,-0.86,2.84,-0.79,481.97,473.33,599.00,343.00
2026-07-29,331,UMHL,28.51,570.0,585.0,570.0,580.9,580.9,0.0,0.0,581.71,59984.0,585.0,34893328.0,93,-4.10,15.00,-0.70,2.63,-0.14,601.16,587.76,706.00,495.00
2026-07-29,332,UMRH,23.59,530.5,537.0,530.5,534.0,534.0,0.0,0.0,532.78,2783.0,538.7,1482723.0,24,-4.70,6.50,-0.87,1.23,0.23,545.20,549.99,675.00,512.00
2026-07-29,333,UNHPL,27.2,386.0,390.0,383.0,389.5,389.5,0.0,0.0,385.2,19296.0,389.9,7432877.0,107,-0.40,7.00,-0.10,1.83,1.10,461.40,472.80,571.00,370.00
2026-07-29,334,UNLB,23.98,1240.0,1274.0,1240.0,1274.0,1274.0,0.0,0.0,1259.26,365.0,1269.0,459629.0,16,5.00,34.00,0.39,2.74,1.16,"1,553.15","1,684.50","2,480.00","1,213.00"
2026-07-29,335,UPCL,22.35,355.0,355.0,345.1,349.9,349.9,0.0,0.0,349.85,16979.0,349.9,5940169.4,101,0.00,9.90,0.00,2.87,0.01,374.90,372.70,444.00,326.90
2026-07-29,336,UPPER,25.13,197.7,198.0,195.1,195.4,195.4,0.0,0.0,196.16,48699.0,195.5,9552666.4,270,-0.10,2.90,-0.05,1.49,-0.39,202.43,194.04,242.60,166.00
2026-07-29,337,USHEC,26.15,486.0,495.0,486.0,491.0,491.0,0.0,0.0,489.15,3861.0,491.2,1888602.6,30,-0.20,9.00,-0.04,1.85,0.38,494.11,485.83,547.00,432.00
2026-07-29,338,USHL,27.62,545.1,550.0,540.0,543.0,543.0,0.0,0.0,543.07,1136.0,550.0,616924.5,42,-7.00,10.00,-1.27,1.85,-0.01,650.88,692.63,945.00,468.10
2026-07-29,339,USLB,29.96,1179.5,1188.2,1161.0,1182.0,1182.0,0.0,0.0,1176.1,281.0,1178.7,330483.5,14,3.30,27.20,0.28,2.34,0.50,"1,332.66","1,446.62","2,750.00","1,105.80"
2026-07-29,340,VLBS,26.32,670.0,689.0,670.0,683.0,683.0,0.0,0.0,679.67,683.0,680.0,464217.4,48,3.00,19.00,0.44,2.84,0.49,731.30,746.07,"1,008.00",640.00
2026-07-29,341,VLUCL,24.27,427.0,442.0,427.0,434.9,434.9,0.0,0.0,433.16,1378.0,440.0,596888.0,41,-5.10,15.00,-1.16,3.51,0.40,513.87,532.20,659.00,412.00
2026-07-29,342,WNLB,25.55,1353.1,1355.0,1353.0,1354.0,1354.0,0.0,0.0,1353.91,137.0,1352.7,185485.0,5,1.30,2.00,0.10,0.15,0.01,"1,469.41","1,600.78","2,561.00","1,242.10"
2026-07-29,343,YMHL,46.54,637.8,665.0,637.8,650.0,650.0,0.0,0.0,652.03,50496.0,642.0,32924734.1,1088,8.00,27.20,1.25,4.26,-0.31,0.00,0.00,797.60,300.00
